AMA_ER,IMF_ER,Population,GNI_PC,ISIS_A-B,ISIC_F,EGS,FCE,GG_FCE,GCF,GFCF,HCE,IGS,ISIC_D,ISIC_C-E,ISIC_J-P,TVA,ISIC_I,ISIC_G-H,GNI,GDP,SAT,year,pf_rol,pf_ss,pf_movement,pf_religion,pf_association,pf_expression,pf_identity,ef_government,ef_legal,ef_money,ef_trade,ef_regulation
110.89593807272728,110.89593807272728,2885273.272727273,4573.818181818182,2506484774.5454545,1303331522.7272727,3799334051.909091,11994634722.09091,1487158217.5454545,3455212654.5454545,3303042720.4545455,10507476504.363636,6053902120.454545,748079731.5454545,1588378506.090909,3571583680.5454545,11518257826.454546,844476472.4545455,1704002870.3636363,13192895593.727272,13190933227.90909,353.9386025326699,2014.0,4.955555555555556,8.944444444444445,7.977777777777778,9.088888888888889,8.61111111111111,9.11111111111111,7.466666666666667,7.8999999999999995,5.211111111111111,9.677777777777777,7.699999999999999,7.544444444444445
97.14899242727273,97.14899242727273,39593119.27272727,4520.181818181818,19243922699.636364,18731248527.545456,51910937415.454544,104283892710.81818,34962213736.454544,80386924302.54546,67158271256.72727,69219726505.09091,56263847217.181816,7395876808.090909,56011224327.545456,40247060335.0,174181818181.81818,16689436405.09091,23311966974.909092,177454545454.54544,180272727272.72726,214.92367737216347,2014.0,4.166666666666667,7.833333333333333,4.988888888888889,4.177777777777778,4.377777777777777,7.955555555555555,1.011111111111111,3.9777777777777774,4.222222222222222,7.433333333333334,4.277777777777778,5.411111111111111
192.88204923636366,192.88204923636366,28239420.818181816,3634.090909090909,8444055874.363636,12225748300.454546,47165510651.72727,66250509456.36364,16846965101.0,27666935544.636364,26581865739.909092,49403544355.27273,33372357725.909092,6103534604.818182,40320850255.181816,21876230859.636364,108358156468.0,4695329082.818182,20747583285.272728,100465484349.0,107705209341.90909,336.00848484848484,2014.0,3.488888888888889,8.155555555555557,5.177777777777778,6.744444444444444,4.944444444444445,7.2444444444444445,5.566666666666666,6.355555555555556,3.4777777777777774,6.022222222222222,4.866666666666666,5.333333333333333
1.2171206521818183,1.2171206521818183,9819970.090909092,5405.636363636364,3054656805.909091,5407202853.636364,26647828839.0,32918510234.909092,6261933160.272727,12915643756.727272,12901863445.0,26656577074.363636,16972915657.454546,2579480545.0,24101204245.545456,8854665049.636364,51149859253.09091,4042304277.5454545,5689826021.090909,52759656823.63636,55248051385.90909,367.53700552713076,2014.0,4.188888888888888,9.077777777777778,5.9222222222222225,5.077777777777778,3.9777777777777774,5.533333333333333,7.466666666666667,4.977777777777778,4.977777777777778,6.988888888888889,6.855555555555556,6.977777777777778
19.401283209363637,19.401283209363637,43178238.27272727,12180.272727272728,32627723073.0,23401312017.0,79647274418.18182,444636363636.36365,90442783085.27272,91242369367.09091,83619422918.63637,354090909090.9091,77771484857.63637,76576089429.72728,103048189224.63637,181454545454.54544,451636363636.36365,30200339498.18182,80957660286.45454,525000000000.0,538454545454.5455,328.87862238478954,2014.0,5.433333333333334,8.844444444444445,10.0,8.555555555555555,8.744444444444445,9.288888888888888,10.0,6.044444444444444,4.511111111111111,6.122222222222222,5.022222222222222,5.688888888888889
1.216517839181818,1.216517839181818,23845414.0,58357.27272727273,32890906609.727272,109466938763.18182,306727272727.2727,1056000000000.0,281727272727.2727,360363636363.63635,359090909090.9091,773909090909.091,297727272727.2727,88355920903.09091,245545454545.45456,690090909090.909,1332727272727.2727,102832398614.81818,150909090909.0909,1388181818181.818,1424545454545.4546,2348.6964777911535,2014.0,7.800000000000001,9.866666666666667,10.0,9.077777777777778,9.4,9.744444444444444,9.555555555555555,6.977777777777778,7.888888888888889,9.466666666666667,7.7333333333333325,8.544444444444444
0.8241853313636363,0.8241853313636363,8637627.727272727,48750.0,5049060839.727273,24287671303.090908,225636363636.36365,305181818181.8182,83754820445.54546,102691903411.45454,100260097121.0,221454545454.54544,212090909090.9091,70169511727.90909,82907277975.0,165181818181.81818,375909090909.0909,34077896196.090908,64472618541.818184,421090909090.9091,421272727272.7273,1008.4983825840003,2014.0,8.166666666666666,9.866666666666667,10.0,7.800000000000001,9.222222222222221,9.644444444444444,10.0,5.622222222222223,7.900000000000001,9.5,8.288888888888888,7.633333333333334
1.0,1.0,391699.1818181818,27982.909090909092,96528518.0,796561905.5454545,3984287116.5454545,8700751318.454546,1469534142.909091,3132068092.2727275,3005922745.3636365,7231217175.545455,4657863266.727273,258939138.1818182,591470101.7272727,5527304779.090909,10213620001.0,897131380.3636364,2304623316.3636365,10965629913.636364,11302527893.272728,289.8484848484848,2014.0,6.288888888888889,6.688888888888889,10.0,8.0,7.210552061495458,9.333333333333334,10.0,8.933333333333334,6.333333333333333,7.0777777777777775,6.166666666666667,8.522222222222222
0.376,0.376,1355554.7272727273,22776.363636363636,97198917.45454545,2406726184.6363635,27768133462.363636,18830724523.454544,5233819181.090909,9702431633.818182,8667000122.636364,13596905342.727272,23459332688.636364,5453946593.090909,11942017262.818182,13514350489.272728,32400781590.454544,2285401707.7272725,2155087028.0,30913357944.272728,32827685640.545456,1176.7426985938564,2014.0,5.855555555555556,7.533333333333333,5.955555555555556,3.5444444444444443,2.588888888888889,4.611111111111111,5.0,6.566666666666666,4.644444444444444,8.944444444444445,7.777777777777778,8.022222222222222
79.20347055363636,79.20347055363636,157883081.27272728,1553.090909090909,32094283263.090908,18566975370.545456,33120728477.0,175931978623.45456,13453631471.09091,71522812036.72728,71522812036.72728,162342486029.72726,46099336465.454544,46796264502.181816,53803187980.36364,64101931732.454544,225909090909.0909,21424302388.454544,35798138606.181816,248181818181.81818,236090909090.9091,320.45863187104675,2014.0,3.2222222222222223,7.433333333333334,5.7555555555555555,6.177777777777778,7.133333333333334,8.066666666666666,1.0333333333333334,8.38888888888889,3.1222222222222222,6.7555555555555555,5.7444444444444445,6.788888888888889
442.45778621818187,442.45778621818187,2876375.0,4099.181818181818,1791233658.4545455,1058121186.8181819,3635346473.818182,10670579631.09091,1404513552.4545455,2508288233.909091,2349647065.6363635,9266066078.636364,5376241708.909091,1184793009.909091,1966513209.0,3403983325.0,10380999318.363636,721296654.6363636,1439851284.909091,11776551128.636364,11398846916.363636,262.12314230092784,2014.0,4.777777777777778,9.422222222222222,7.233333333333334,6.644444444444444,7.188888888888889,8.18888888888889,8.533333333333333,8.144444444444444,5.699999999999999,9.377777777777778,8.3,7.5
0.8241853313636363,0.8241853313636363,11237756.090909092,45920.09090909091,3474743138.7272725,24189371904.81818,408454545454.5455,382818181818.1818,121090909090.90909,122272727272.72728,118000000000.0,261909090909.0909,404272727272.7273,63988051136.818184,76296472343.18182,243363636363.63635,455000000000.0,45203039237.72727,62629577654.0,515909090909.0909,509272727272.7273,1773.790535484727,2014.0,7.644444444444444,9.7,10.0,8.11111111111111,9.222222222222221,9.911111111111111,9.555555555555555,4.822222222222222,7.166666666666667,9.566666666666666,8.377777777777778,8.088888888888889
6.922148106090909,6.922148106090909,11087142.181818182,2794.7272727272725,3598212398.3636365,909954257.0,10471189196.272728,26585589869.454544,5322720858.454545,6366154607.0,6288715212.454545,21262869010.727272,11003330040.09091,3383029121.5454545,7753447533.090909,9239677663.727272,27313560387.18182,2839562241.2727275,2972706293.6363635,31218402293.0,32419617787.909092,93.14990761780254,2014.0,3.4000000000000004,8.133333333333333,9.244444444444445,8.933333333333334,7.944444444444445,9.11111111111111,10.0,5.988888888888889,4.033333333333333,8.866666666666667,7.022222222222222,5.533333333333333
1.612830219909091,1.612830219909091,3540165.0,5201.727272727273,1133455645.1818182,761826584.7272727,6552908365.090909,18469935197.18182,3957953662.0,4195730265.181818,4010805294.909091,14511981535.0,9962028189.454546,2181342041.2727275,3467182832.818182,5905093606.818182,15589634152.363636,1463274554.0,2858800929.0,18355495192.0,18302496107.636364,511.70963462613656,2014.0,5.711111111111111,8.933333333333334,7.777777777777778,8.11111111111111,8.288888888888888,9.144444444444444,9.555555555555555,6.133333333333334,5.088888888888889,8.355555555555556,7.566666666666666,7.3999999999999995
9.310513770181819,9.310513770181819,2312338.1818181816,6165.181818181818,306447134.09090906,1541714327.6363637,7064655311.727273,11164851479.545454,4586524909.818182,4403778586.909091,4083649359.5454545,6578326569.363636,7752529292.636364,1053727366.6363636,3965086582.4545455,5906500053.454545,14328458942.09091,658391598.1818181,1950319246.4545455,14243577513.545454,14982972530.181818,188.16940476283816,2014.0,5.722222222222222,7.288888888888888,7.944444444444445,8.899999999999999,8.855555555555556,8.155555555555557,3.388888888888889,6.2444444444444445,6.222222222222222,8.833333333333334,7.666666666666667,8.066666666666666
2.967283496545455,2.967283496545455,205036039.54545453,10064.181818181818,93970689984.54546,98669832502.54546,263636363636.36365,1728181818181.818,408545454545.4545,392636363636.36365,384545454545.4545,1319181818181.818,281181818181.8182,229454545454.54544,332909090909.0909,857545454545.4546,1804545454545.4546,142917031733.0,278272727272.7273,2054545454545.4546,2103636363636.3635,300.3949304624524,2014.0,4.877777777777777,6.155555555555555,10.0,9.244444444444445,9.600000000000001,9.18888888888889,8.533333333333333,7.022222222222222,5.300000000000001,8.5,6.844444444444445,4.888888888888889
1.6129060606363637,1.6129060606363637,7301259.0,7845.545454545455,2348381075.181818,2494965818.3636365,36236363576.27273,45750211315.454544,9731457891.545454,12278607609.0,11691823164.0,36018753423.90909,35628276978.72727,7804460111.272727,11276225486.272728,20436937009.18182,50782882414.36364,6066523258.818182,8159849766.545455,57104374063.90909,58636900349.72727,310.31096127889725,2014.0,5.144444444444444,9.777777777777779,10.0,7.533333333333333,8.722222222222221,9.344444444444443,9.377777777777778,7.044444444444444,5.488888888888889,9.422222222222222,8.355555555555556,7.855555555555556
1145.9334913545454,968.8340385787272,51447138.90909091,1271.2727272727273,17314137386.636364,3749078390.090909,15066835530.545454,47038732075.63636,9766944719.454546,20770829987.909092,20235635362.272728,37271787356.181816,17607364508.272728,14650146682.727272,19078262441.0,4050519902.5454545,65875343883.63636,8677972652.727272,13005373114.727272,65558687619.90909,66563362103.72727,33.418097771218015,2014.0,3.1222222222222222,7.877777777777778,1.8555555555555554,5.833333333333333,5.377777777777777,7.788888888888888,4.988888888888889,6.488888888888889,3.433333333333333,6.388888888888889,4.633333333333334,5.466666666666667
1.420262696818182,1.420262696818182,9694264.818181818,6209.636363636364,4538622496.727273,4587265029.545455,39796965124.545456,41909987745.09091,9321766331.272728,20265236686.272728,19370511787.636364,32588221413.81818,40321225393.818184,13791708613.363636,16351723610.09091,14999568192.545454,54296528061.545456,6120477064.181818,7698871667.909091,60193620090.0,62157941938.545456,375.41106934622354,2014.0,5.1,9.233333333333333,7.2,4.988888888888889,4.366666666666666,6.5,8.733333333333333,6.133333333333333,5.199999999999999,6.566666666666666,6.8999999999999995,6.766666666666667
4065.6368516363636,4065.6368516363636,15403381.545454545,1147.1818181818182,4937740239.727273,2084729442.090909,11405320508.727272,15148547159.272728,1011848154.1818181,4175005984.3636365,3987407819.090909,14136699005.0,12052400373.181818,2994552783.5454545,3387672665.7272725,3257216758.4545455,17709533439.727272,1464858067.8181818,2577316265.818182,17839700754.727272,18867501550.0,226.50675184406484,2014.0,3.088888888888889,9.344444444444443,9.066666666666666,6.611111111111111,5.344444444444445,8.677777777777779,8.8,8.022222222222222,3.968888888888889,9.344444444444445,7.544444444444445,6.766666666666667
1.1837071913636363,1.1837071913636363,35844879.0,46855.63636363636,30177030665.909092,122363636363.63637,527363636363.63635,1329090909090.9092,358272727272.7273,404454545454.5455,398909090909.0909,970909090909.091,557909090909.091,167181818181.81818,304909090909.0909,813454545454.5454,1589090909090.9092,120000000000.0,199818181818.18182,1677272727272.7273,1703636363636.3635,1272.863393066709,2014.0,7.6000000000000005,9.744444444444445,10.0,8.833333333333334,9.155555555555557,9.766666666666666,9.777777777777779,6.811111111111111,7.888888888888889,9.5,8.066666666666666,8.788888888888888
142.86855396363637,142.86855396363637,21284647.0,3530.090909090909,6152035523.545455,5570867439.818182,16029862750.90909,59622786700.72727,6731386381.272727,23679943204.090908,21149384559.636364,52891400319.454544,22296613579.636364,12970743262.363636,15657063625.181818,24693764566.090908,71136856738.72728,9441975135.636364,9621150448.545454,75243077758.09091,77035977899.45454,301.94231006658043,2014.0,4.555555555555555,7.888888888888889,7.044444444444444,6.955555555555556,6.777777777777778,7.888888888888889,1.2222222222222223,8.133333333333333,4.888888888888889,7.477777777777778,5.922222222222222,6.844444444444445
605.7114653181818,605.7114653181818,18007306.272727273,13811.90909090909,9822781756.181818,16719698589.363636,82476012659.72728,196545454545.45456,35256949553.0,62161912403.36364,60988381714.818184,161181818181.81818,79691749165.45454,27389516249.636364,63324293131.36364,98766462068.90909,238090909090.9091,20984352883.727272,28504846537.727272,248727272727.27274,261363636363.63635,484.743982495241,2014.0,6.566666666666666,9.155555555555555,10.0,8.411111111111111,9.399999999999999,9.61111111111111,6.566666666666666,8.133333333333333,6.822222222222222,9.144444444444444,8.211111111111112,7.344444444444444
6.5399169697272725,6.5399169697272725,1391171091.7272727,7754.545454545455,922545454545.4546,759454545454.5454,2331818181818.1816,5841818181818.182,1764363636363.6365,4821818181818.182,4672727272727.272,4077272727272.727,2100000000000.0,3137272727272.727,3750000000000.0,3436363636363.636,10889090909090.908,781000000000.0,1230363636363.6365,10830909090909.092,10885454545454.545,497.069479930857,2014.0,4.522222222222222,8.522222222222222,3.8666666666666663,4.511111111111111,1.7777777777777777,6.0,9.555555555555555,4.955555555555556,5.1,8.211111111111112,6.366666666666666,6.2555555555555555
2553.8991814545457,2553.8991814545457,47483244.0,6680.454545454545,19842092935.545456,20897285855.454544,53576259952.181816,265545454545.45456,47471991901.27273,72052337576.45454,70148392824.63637,218181818181.81818,66657759496.36364,39701265761.63636,74753715024.09091,116773488173.45454,295272727272.7273,24732398597.090908,38253157339.72727,316454545454.5455,324636363636.36365,234.58852809685106,2014.0,4.522222222222222,5.311111111111111,8.68888888888889,8.377777777777778,9.033333333333333,8.81111111111111,10.0,6.433333333333334,4.622222222222223,8.133333333333333,6.888888888888889,7.48888888888889
542.5877377181819,542.5877377181819,4887023.090909091,10536.181818181818,2627811861.0,2633950799.181818,17365841187.909092,44400763586.72727,9108706177.454546,9975215739.363636,10040852189.272728,35292057409.181816,17612746808.727272,6789765554.272727,8472106119.909091,25116906349.0,49881398344.63636,4429177141.454545,6601446073.909091,51676624294.09091,54129073705.27273,672.7667421852691,2014.0,6.4,8.38888888888889,9.622222222222222,8.511111111111111,9.755555555555555,9.744444444444445,8.666666666666666,7.544444444444445,6.222222222222222,9.38888888888889,8.244444444444445,6.800000000000001
6.177178962181818,6.177178962181818,4245734.909090909,13503.09090909091,1844282994.5454545,2348678597.818182,25267219700.363636,46753023462.27273,12545569565.181818,12177437804.636364,11689587219.818182,34207453897.090908,26017066130.636364,7401532045.0,9678376355.90909,21793198517.909092,48641860321.454544,4607420570.181818,8369903285.090909,57298932839.63636,58180614706.0,487.1769744484845,2014.0,5.644444444444444,9.855555555555556,9.81111111111111,8.377777777777778,8.844444444444443,9.155555555555557,10.0,5.511111111111111,5.888888888888889,9.255555555555555,8.055555555555555,7.311111111111111
0.8241853313636363,0.8241853313636363,857500.0,27514.454545454544,468814089.90909094,1228937739.909091,16058877899.90909,19992596155.636364,4146975120.0,4352250234.909091,4347540782.727273,15845621035.90909,16221208003.363636,1147952694.909091,1653113545.090909,11654206372.727272,21300334424.727272,2695376946.7272725,3599885730.181818,23588966508.363636,24182515740.272728,693.7846265253007,2014.0,6.7444444444444445,9.7,9.444444444444445,7.800000000000001,9.444444444444445,9.733333333333333,8.788888888888888,7.322222222222223,6.1,8.944444444444445,8.322222222222223,7.588888888888889
21.54428787909091,21.54428787909091,10517185.272727273,19567.272727272728,4511683447.090909,11579634276.727272,165545454545.45456,148545454545.45456,43304570372.0,58654889086.72727,57762327100.27273,105334639532.63637,152636363636.36365,49658248588.454544,60251040804.09091,74503329996.63637,198272727272.72726,22351115592.909092,25190071472.81818,205636363636.36365,220000000000.0,623.7109064147174,2014.0,7.48888888888889,9.788888888888888,10.0,8.577777777777778,8.988888888888889,9.722222222222221,9.377777777777778,6.622222222222223,6.411111111111111,9.366666666666667,8.266666666666667,8.211111111111112
45.11193824909091,45.11193824909091,10397935.0,6506.454545454545,3884466892.090909,7598607985.909091,16604910825.272728,58121898559.27273,7564018943.636364,17295051910.545456,17446850013.545456,50557879615.454544,20963903910.909092,10291808116.0,12838942508.818182,22734773151.81818,66201824936.454544,6789972301.909091,12355062095.545454,67936543125.09091,71057957384.0,296.0728006184359,2014.0,4.611111111111111,7.411111111111111,7.422222222222222,8.722222222222221,7.8999999999999995,9.133333333333333,8.333333333333334,8.622222222222222,4.611111111111111,9.444444444444445,7.98888888888889,6.611111111111111
1.0,1.0,16242965.181818182,5753.090909090909,8831853363.636364,10311254454.545454,23603466000.0,71287882272.72728,13694513818.181818,25441219909.090908,24424028272.727272,57593368454.545456,24687327727.272728,13505180363.636364,22267831090.909092,30539161000.0,90056142181.81818,6672486818.181818,11421880636.363636,93713028818.18182,95673221363.63637,277.61914909011307,2014.0,4.288888888888889,8.3,10.0,8.511111111111111,7.066666666666666,8.88888888888889,9.822222222222223,6.666666666666667,4.188888888888889,7.222222222222222,6.922222222222222,6.2444444444444445
1.0,1.0,6218669.090909091,3547.7272727272725,1346960177.8181818,1240666651.909091,6645226802.181818,23400551786.454544,3805849689.181818,4006168618.2727275,3814147234.909091,19594702097.545456,10890478714.818182,3691580102.0,4643599766.272727,8696381557.181818,21061004514.636364,1825456412.2727273,3307939949.090909,22079149974.636364,23161468859.363636,215.4507575757576,2014.0,4.4,6.322222222222222,9.622222222222222,8.722222222222221,8.477777777777778,8.655555555555557,8.533333333333333,8.68888888888889,4.533333333333333,9.566666666666666,7.711111111111112,6.533333333333333
22.256981658181818,22.256981658181818,102794740.72727273,588.0909090909091,22427130902.0,8246040324.727273,5907925600.636364,48992820522.36364,6004187257.363636,21810211630.727272,21328648074.909092,42988633264.90909,15600609524.818182,3099034832.7272725,3871810450.3636365,11128109448.454546,58238264505.0,2519905608.0,10045267771.454546,61945317616.181816,61920067794.90909,85.31082908766865,2014.0,3.6555555555555554,6.177777777777778,6.5,6.333333333333333,3.577777777777778,6.477777777777778,4.733333333333333,5.811111111111112,4.355555555555556,5.433333333333334,4.955555555555556,6.366666666666666
0.8241444389090908,0.8241444389090908,1321901.5454545454,19018.454545454544,698145734.0,1508540207.3636363,20155102806.81818,18086114036.727272,4980211717.545455,6945506056.454545,6839163113.727273,13105902319.0,19286556666.18182,3538972804.0,4750030405.090909,9216985243.0,22532180575.090908,3147921534.7272725,3210557450.7272725,25140872863.909092,25853265445.363636,762.0387013695968,2014.0,7.666666666666667,9.522222222222222,10.0,8.899999999999999,9.11111111111111,9.822222222222223,9.555555555555555,6.522222222222222,7.300000000000001,9.133333333333333,8.600000000000001,8.288888888888888
1.9914453672727275,1.9914453672727275,915097.1818181818,4736.0,473169589.3636364,115995081.0,2270996786.181818,3976225956.090909,898629830.2727273,948984233.1818181,872112022.8181819,3077596126.090909,2610669922.7272725,502183388.6363636,622976633.1818181,1440593971.2727273,3766398305.818182,465152575.72727275,648510455.6363636,4336567644.363636,4585508373.090909,116.7023826948078,2014.0,4.444444444444445,9.077777777777778,7.933333333333334,7.2555555555555555,6.722222222222222,8.122222222222224,10.0,6.322222222222222,5.444444444444445,6.455555555555556,6.222222222222222,8.555555555555555
0.8241853313636363,0.8241853313636363,5464990.363636363,48164.27272727273,6157175746.636364,15642266577.545454,98104970303.27272,201727272727.27274,62099254708.27273,61019101907.72727,59719394084.0,139545454545.45456,99587658831.90909,39039744359.181816,47111019957.63636,108636037247.81818,226090909090.9091,23447582752.090908,25009902770.272728,263181818181.81818,261363636363.63635,1237.4766036455421,2014.0,8.644444444444444,9.777777777777779,10.0,8.7,9.211111111111112,9.866666666666667,9.555555555555555,5.011111111111111,8.233333333333333,9.455555555555556,8.455555555555556,7.911111111111111
0.8241853313636363,0.8241853313636363,65879439.63636363,41634.27272727273,42043534517.09091,136727272727.27272,794909090909.091,2095454545454.5454,639727272727.2727,618545454545.4546,600272727272.7273,1456363636363.6365,826727272727.2727,272636363636.36365,334000000000.0,1341818181818.182,2400000000000.0,232272727272.72726,313454545454.5455,2740909090909.091,2682727272727.273,858.0368854633437,2014.0,6.911111111111111,9.6,9.055555555555555,7.7666666666666675,9.433333333333334,9.622222222222222,10.0,5.177777777777778,6.866666666666667,9.61111111111111,8.38888888888889,7.444444444444445
2.1959993573636365,2.1959993573636365,3786027.0,4096.0,1228651948.5454545,1050946038.7272727,6703746903.909091,14342112261.181818,2251482444.818182,4027477044.3636365,3644087338.181818,12090629816.272728,9080806122.272728,1452856231.5454545,2029917979.1818182,5840023372.0,14104578061.636364,1364801629.2727273,2590237093.6363635,15501662319.272728,15992535535.90909,269.33785978668436,2014.0,5.611111111111111,8.600000000000001,7.6000000000000005,7.811111111111111,8.38888888888889,8.988888888888889,8.533333333333333,7.800000000000001,6.7444444444444445,9.022222222222222,8.777777777777779,8.177777777777777
0.8241853313636363,0.8241853313636363,82203299.72727273,45989.454545454544,29732177802.909092,155454545454.54544,1682727272727.2727,2692727272727.273,733272727272.7273,767818181818.1818,760363636363.6364,1958181818181.818,1454545454545.4546,736636363636.3636,843181818181.8182,1613636363636.3635,3320000000000.0,302181818181.8182,375272727272.7273,3780000000000.0,3686363636363.636,1266.088625465157,2014.0,8.088888888888889,9.855555555555556,10.0,7.7666666666666675,9.022222222222222,9.677777777777777,10.0,6.266666666666667,7.644444444444444,9.522222222222222,8.211111111111112,7.788888888888888
3.356344697,3.356344697,28871110.272727273,1946.0,11731278305.181818,4060990040.0,17291719299.909092,47404431181.0,5214348020.454545,14250411893.818182,13527511769.09091,42190083160.63636,20389389324.272728,6699022354.272727,14250810102.636364,10229260618.545454,54297316075.63636,4727110266.363636,9297866742.545454,56364428126.36364,58288278013.09091,123.09747830495711,2014.0,5.5,8.544444444444444,10.0,8.344444444444443,8.822222222222223,9.333333333333334,5.744444444444444,8.444444444444445,5.366666666666666,6.4,6.144444444444444,6.855555555555555
0.8241853313636363,0.8241853313636363,10795250.454545455,20782.0,8008314885.909091,5327000707.545455,70322081033.0,204363636363.63635,48011084496.818184,30265551550.81818,27509884321.18182,156363636363.63635,78510459975.81818,18067158980.81818,27246602316.636364,102844766380.81818,198727272727.27274,19667657889.18182,35614264727.454544,224727272727.27274,226454545454.54544,570.3753129123698,2014.0,5.888888888888889,8.977777777777778,10.0,7.455555555555555,9.666666666666666,9.288888888888888,7.633333333333334,5.177777777777778,5.833333333333333,8.899999999999999,8.0,6.677777777777778
7.709640492272727,7.709640492272727,15984668.0,3724.909090909091,6113120622.0,2914015349.4545455,12232030304.818182,58925776832.72727,6790787708.545455,9050601058.545454,8882856108.09091,52134989123.90909,18756644177.363636,8687128835.90909,10876280683.545454,20323412499.454544,57790814590.63636,4402749040.181818,13161236396.272728,60040233079.545456,61457809916.90909,305.90597508226904,2014.0,4.155555555555555,6.233333333333333,10.0,8.277777777777779,8.18888888888889,8.38888888888889,7.666666666666667,9.11111111111111,4.777777777777778,9.477777777777778,8.455555555555556,6.644444444444444
21.810532157272725,21.810532157272725,9291808.545454545,2079.2727272727275,2553746880.909091,1198214490.4545455,9190983799.545454,19652068431.0,3108471916.7272725,4882336952.181818,4766526598.636364,16543596514.272728,12893233973.181818,3536735544.2727275,4212142437.0,7275290834.454545,20171623184.0,1414758433.8181818,3517473793.181818,19400465894.909092,20832151453.363636,76.23343079842407,2014.0,3.511111111111111,5.866666666666666,8.68888888888889,8.366666666666667,7.8999999999999995,7.444444444444445,8.533333333333333,9.0,4.188888888888889,9.322222222222223,7.044444444444444,6.866666666666666
254.05068182727274,254.05068182727274,9851977.727272727,13847.09090909091,5188509384.818182,5371305274.0,119545454545.45454,100585204041.27272,28677439095.727272,33583379342.909092,31863327565.545456,71864525595.81818,112080133402.45454,26371781125.454544,30299302668.454544,50925620393.90909,119818181818.18182,13557270078.454546,14466972122.181818,136272727272.72728,141727272727.27274,399.8294309254953,2014.0,5.811111111111112,9.38888888888889,10.0,8.100000000000001,7.611111111111111,9.355555555555556,10.0,5.788888888888889,6.300000000000001,9.566666666666666,8.211111111111112,7.711111111111112
120.73850925454545,120.73850925454545,336457.1818181818,56340.818181818184,963897126.0909091,1105580922.0,9297936951.90909,14638705157.363636,4753239642.454545,3735556333.7272725,3727296052.0,9885465514.727272,8259418077.181818,1978632646.4545455,2842333526.909091,8573571563.909091,17428492347.18182,1851803461.8181818,2091305746.8181818,19126615087.636364,19412780365.0,2412.773423941924,2014.0,7.7666666666666675,9.933333333333334,10.0,8.255555555555555,9.577777777777778,9.744444444444445,9.555555555555555,5.988888888888889,7.955555555555555,7.655555555555556,6.866666666666666,7.777777777777778
61.34972247,61.34972247,1321391055.090909,1672.5454545454545,377727272727.2727,168272727272.72726,471636363636.36365,1559090909090.9092,243454545454.54544,742272727272.7273,706454545454.5454,1316727272727.2727,544363636363.63635,337909090909.0909,442000000000.0,700090909090.909,2059090909090.9092,134755843047.63637,234727272727.27274,2220909090909.091,2245454545454.5454,310.5024435787363,2014.0,4.2555555555555555,7.777777777777778,6.877777777777778,5.944444444444445,7.300000000000001,8.355555555555556,6.422222222222222,7.577777777777778,5.177777777777778,7.344444444444445,5.588888888888889,6.6
12056.303123000002,12056.303123000002,258617539.9090909,3505.909090909091,126000000000.0,94821055557.90909,204363636363.63635,628000000000.0,87594952974.54546,319454545454.5455,304000000000.0,540636363636.36365,200727272727.27274,195636363636.36365,291000000000.0,172454545454.54544,915181818181.8182,79151402745.0,151909090909.0909,908909090909.091,945727272727.2727,172.17979939603413,2014.0,4.244444444444444,8.677777777777777,7.2333333333333325,5.733333333333333,8.222222222222221,8.244444444444445,6.211111111111111,8.222222222222221,4.733333333333333,9.322222222222223,6.877777777777777,6.433333333333334
30767.764039090907,26856.283041818184,81503271.0909091,6565.363636363636,48683304515.90909,29654223656.909092,123430579938.63637,328272727272.7273,77074426626.54546,189090909090.9091,139636363636.36365,251363636363.63635,117282753749.54546,81221169302.45454,176363636363.63635,157272727272.72726,521090909090.9091,45716914465.63636,63341562840.36364,532181818181.8182,531636363636.36365,277.63365908212523,2014.0,4.122222222222223,7.033333333333333,0.18888888888888888,3.933333333333333,2.6333333333333333,5.4,1.9444444444444444,6.144444444444444,4.177777777777778,7.322222222222223,4.0,5.022222222222222
1175.2954545454545,1175.2954545454545,37320344.81818182,4825.272727272727,8407554845.181818,12062435656.181818,82344113418.18182,138272727272.72726,39666003422.545456,39789982058.27273,37190183064.63636,98754508454.09091,63389359060.545456,4522460260.0,92929220675.36363,52322731370.09091,198636363636.36365,16307780128.818182,16613052830.545454,180000000000.0,197181818181.81818,355.1839726139079,2014.0,2.5,4.133333333333334,3.3666666666666667,3.922222222222222,6.855555555555556,6.433333333333334,0.0,3.0,3.5999999999999996,8.066666666666668,5.5,6.166666666666667
0.8241853313636363,0.8241853313636363,4697698.363636363,51008.181818181816,3039926183.818182,6209459762.090909,356727272727.2727,150545454545.45456,43324885108.545456,95034955975.27272,92547847213.45454,107284121692.0,300090909090.9091,85171512940.18182,90868447339.09091,108994599088.27272,279545454545.4545,40592592342.454544,29602184672.81818,240818181818.18182,302000000000.0,1588.6459669636051,2014.0,7.7666666666666675,9.71111111111111,10.0,7.944444444444445,9.522222222222222,9.777777777777779,10.0,6.377777777777777,7.677777777777777,9.511111111111111,8.8,8.233333333333333
3.662377848909091,3.662377848909091,8024432.454545454,39132.545454545456,4043063728.2727275,17497904992.18182,100387833267.36363,246363636363.63635,72361996315.54546,66926566671.0,64938475010.90909,174181818181.81818,94389180791.36363,39209974708.72727,44704280779.27273,152636363636.36365,287545454545.4545,35116812003.818184,33338435114.81818,316090909090.9091,319363636363.63635,1148.8419536049246,2014.0,6.811111111111111,8.977777777777778,4.077777777777778,7.288888888888888,8.088888888888889,8.455555555555556,9.177777777777777,6.388888888888889,5.733333333333333,9.5,8.411111111111111,7.366666666666666
0.8241853313636363,0.8241853313636363,60012312.45454545,34141.0,40108975409.63636,86768965561.45454,593909090909.091,1631818181818.182,399090909090.9091,372181818181.8182,369636363636.36365,1234545454545.4546,555454545454.5454,294727272727.2727,349909090909.0909,910727272727.2727,1837272727272.7273,170000000000.0,279636363636.36365,2049090909090.9092,2044545454545.4546,752.7920478984091,2014.0,6.622222222222223,9.866666666666667,10.0,7.344444444444444,9.644444444444444,9.477777777777778,9.555555555555555,6.088888888888889,6.322222222222222,9.588888888888889,8.466666666666665,7.644444444444444
113.41443246363637,113.41443246363637,2786283.090909091,5016.272727272727,927662978.0909091,950398385.7272727,4635964098.090909,13900505731.545454,2113949548.2727273,3131303896.3636365,3092776909.2727275,11786556183.181818,7195235129.363636,1139996205.1818182,1793808822.909091,5131379733.909091,12701320621.727272,1030642679.1818181,2867428021.6363635,13978515117.181818,14465072366.545454,206.69867287533899,2014.0,4.977777777777778,6.388888888888889,8.866666666666667,8.944444444444445,9.222222222222221,9.777777777777779,6.211111111111111,8.144444444444444,5.555555555555555,8.666666666666666,7.2666666666666675,7.911111111111111
101.73893489363637,101.73893489363637,127029236.45454545,42876.545454545456,56550990475.72727,271000000000.0,855090909090.909,3999090909090.909,1044090909090.909,1297272727272.7273,1290909090909.0908,2953636363636.364,881909090909.091,1056727272727.2727,1201818181818.182,2351818181818.1816,5242727272727.272,532818181818.1818,825909090909.091,5447272727272.728,5267272727272.728,1420.4056742600699,2014.0,7.466666666666667,10.0,10.0,9.044444444444444,9.288888888888888,9.6,9.377777777777778,5.888888888888889,7.311111111111111,9.666666666666666,8.055555555555555,8.144444444444444
254.9731818090909,254.9731818090909,17821320.363636363,9216.454545454546,8467850191.181818,11091226325.272728,69225910107.90909,111094195652.72728,19654279956.272728,47997824203.0,41524950912.818184,91605189891.81818,49619909892.27273,20562242967.636364,51826215177.72727,50780101645.454544,171909090909.0909,18774779402.18182,30944992671.727272,163727272727.27274,184272727272.72726,488.32916147197665,2014.0,4.588888888888889,8.81111111111111,6.300000000000001,5.144444444444444,3.855555555555556,7.055555555555555,9.555555555555555,7.588888888888889,5.2444444444444445,8.666666666666666,5.7555555555555555,7.7444444444444445
0.71,0.71,9033408.454545455,4111.909090909091,1613476884.5454545,1104507634.3636363,14024965086.818182,35687292997.818184,6746866672.545455,9565882479.363636,8186709947.727273,28940426325.18182,21991272970.090908,6837723386.636364,8264994098.727273,15728180102.454546,33534427902.727272,3261670037.2727275,3561599145.909091,37066637085.545456,37328637546.36364,641.263431940848,2014.0,5.555555555555555,8.022222222222222,5.933333333333334,5.088888888888889,6.255555555555556,7.555555555555555,5.0,7.699999999999999,4.544444444444444,9.422222222222222,8.088888888888889,7.866666666666666
94.49599617,94.49599617,46826173.18181818,1510.1818181818182,14516921419.818182,3847093885.5454545,10580063603.90909,64354780073.818184,8973240683.272728,15210333409.0,14810915470.272728,55381539390.545456,18065192830.81818,6822998846.272727,9330450369.09091,24159802600.363636,68286186770.90909,9464562261.90909,6967356234.181818,71637814002.81818,72652497191.72728,327.18361433204444,2014.0,3.888888888888889,7.111111111111111,7.044444444444444,6.844444444444445,7.366666666666666,8.922222222222222,6.655555555555555,7.2555555555555555,4.955555555555556,8.955555555555556,6.777777777777778,7.2333333333333325
0.29352797609090914,0.29352797609090914,3826400.6363636362,40189.72727272727,601114348.9090909,3196508124.4545455,84396729594.81818,74117154846.0,27741278524.727272,27839947859.18182,27136784303.272728,46375876321.545456,49567178800.181816,8834073477.363636,83968204009.27272,51766940384.72727,154727272727.27274,8526094554.818182,6481371329.0,150454545454.54544,136818181818.18182,1687.9041376814794,2014.0,5.588888888888889,7.955555555555555,5.188888888888889,5.811111111111111,4.1,7.366666666666666,2.788888888888889,5.355555555555556,4.977777777777778,8.055555555555555,7.422222222222222,7.288888888888888
60.03848939545455,60.03848939545455,5929871.636363637,1138.7272727272727,997295676.3636364,560767181.0909091,2753209996.818182,7396263072.909091,1277557870.7272727,2348698871.4545455,2187771521.3636365,6118705202.181818,5345689164.454545,1060922951.3636364,1320693775.2727273,1694774462.3636363,6449883556.636364,541163390.6363636,1335189070.7272727,6778224074.181818,7137965213.363636,84.70004635790245,2014.0,3.9111111111111105,7.566666666666666,6.288888888888889,5.533333333333333,6.688888888888889,7.222222222222222,8.933333333333334,7.422222222222222,4.555555555555555,8.666666666666666,7.022222222222222,6.800000000000001
1596.3586753636364,1507.5,5757715.090909091,8029.636363636364,1807256757.7272727,2055879604.5454545,12000785649.454546,49687549349.545456,6408708978.090909,10285434498.181818,10273120343.09091,43278840371.27273,24933942650.636364,3783981675.090909,5058773862.727273,24700973986.636364,44232991186.27273,2611501628.818182,7998605346.0,46273965203.90909,47039826846.545456,995.9195602241001,2014.0,4.644444444444444,6.944444444444445,7.3999999999999995,7.911111111111111,7.7555555555555555,8.755555555555555,2.4000000000000004,8.433333333333334,3.9366666666666665,9.444444444444445,7.0,6.5
0.8235967146363637,0.8235967146363637,1994926.8181818181,15061.90909090909,1104972088.2727273,1580969608.6363637,18037102004.545456,23646405499.636364,5566440351.727273,7002195504.636364,6728786738.909091,18079965147.909092,18633630197.81818,3265441234.6363635,4266199072.818182,11355862799.454546,26374099593.636364,3722850600.5454545,4343245423.636364,29932926854.090908,30052072590.636364,696.6464578072471,2014.0,6.544444444444444,9.577777777777778,10.0,8.3,9.377777777777778,9.6,10.0,7.199999999999999,6.711111111111111,9.177777777777777,8.544444444444444,8.088888888888889
1.3285432758181819,1.3285432758181819,6289680.909090909,10197.636363636364,2076505210.7272727,1997655849.0,27942470865.81818,46140787273.0,23070266320.0,10650226262.454546,11381773746.09091,23070520952.81818,20425773068.909092,2089596888.4545455,32210983773.18182,27479276615.272728,71693623192.90909,3254156754.7272725,4686749485.727273,63924919840.818184,64307679958.818184,420.44741923558394,2014.0,2.566666666666667,5.8500000000000005,5.55,4.377777777777777,5.6,6.416666666666667,2.1333333333333333,3.411111111111111,3.8400000000000003,6.466666666666666,3.75,6.216666666666666
0.8240256272727272,0.8240256272727272,2970240.0,15429.545454545454,1576574086.2727273,2901305757.4545455,34355576850.545456,37091927203.454544,8133780089.0,8927388462.545454,9202758200.09091,28958147114.545456,33438674290.727272,8004177364.727273,9498141399.363636,13547677146.181818,42274703141.36364,6582899757.727273,8168104994.727273,45624998240.90909,46936218221.09091,549.9173149095321,2014.0,6.655555555555555,9.222222222222221,10.0,8.555555555555555,8.866666666666667,9.755555555555555,9.822222222222223,7.3999999999999995,6.811111111111111,9.222222222222221,8.133333333333333,8.0
0.8241853313636363,0.8241853313636363,569302.0909090909,79804.18181818182,158796075.63636363,3165430402.2727275,120943322028.0,32221742328.545456,10704214713.0,11882866273.363636,11427446346.363636,21517527615.454544,100164488481.45454,3226476044.909091,4030519724.090909,38444003288.454544,58778850894.818184,6199148474.272727,6780952930.363636,45383019971.63636,64927766721.27273,3868.2159459940913,2014.0,8.022222222222222,9.922222222222222,10.0,8.511111111111111,9.455555555555556,9.833333333333334,9.555555555555555,5.322222222222222,7.7555555555555555,9.344444444444443,8.088888888888889,7.877777777777778
3.684452974090909,3.684452974090909,31025243.90909091,9979.181818181818,28093764933.454544,13829682773.727272,231090909090.9091,213727272727.27274,40921123165.454544,76686397850.63637,77492557467.18182,172727272727.27274,202454545454.54544,71475539562.54546,109665187045.54546,77070371729.27272,315636363636.36365,28128656707.636364,58899985542.181816,310000000000.0,319090909090.9091,595.2740248454292,2014.0,5.366666666666667,8.422222222222222,5.0,5.688888888888889,5.333333333333333,7.2555555555555555,2.788888888888889,6.111111111111111,5.422222222222222,8.488888888888889,7.311111111111111,8.477777777777778
0.8241853313636363,0.8241853313636363,460959.9090909091,24179.454545454544,102669369.9090909,450927897.09090906,19410951808.18182,8236637837.454545,2130876237.2727273,2426292792.4545455,2396703303.909091,6105761600.090909,18009547868.454544,988215788.0909091,1081097869.090909,6109304957.272727,10631231707.0,1315941104.6363637,1571290509.2727273,11221222961.545454,12064333972.181818,351.35965063670335,2014.0,7.088888888888889,9.822222222222223,10.0,7.0,9.544444444444444,9.488888888888887,9.822222222222223,6.7555555555555555,6.611111111111111,9.522222222222222,8.566666666666666,8.033333333333333
33.154380757272726,33.154380757272726,1292037.0909090908,9759.727272727272,394645020.90909094,564431119.8181819,6127022631.545455,10913161205.0,1813938238.909091,2528950728.0,2410170097.181818,9099222966.181818,7044106051.545455,1566197582.6363637,1823778799.2727273,5002839900.818182,10965852550.727272,1169083311.1818182,2011074398.909091,12613034212.818182,12494548574.90909,97.7104793594653,2014.0,6.5,9.133333333333333,7.977777777777778,8.655555555555557,8.600000000000001,9.544444444444444,4.355555555555555,7.977777777777778,5.811111111111112,9.466666666666667,8.488888888888889,8.077777777777778
16.156878029999998,16.156878029999998,119826474.0,9661.272727272728,38936653470.181816,86499025810.81818,411818181818.1818,912090909090.909,141181818181.81818,265727272727.27274,255818181818.18182,770909090909.091,425272727272.7273,197272727272.72726,300090909090.9091,368454545454.5455,1121818181818.182,95325161516.27272,235636363636.36365,1156363636363.6365,1183636363636.3635,274.7459347972132,2014.0,3.888888888888889,5.966666666666667,9.81111111111111,7.688888888888889,8.011111111111111,8.644444444444444,9.266666666666667,7.6000000000000005,4.811111111111111,8.088888888888889,7.366666666666666,6.966666666666667
1983.7926145454546,1983.7926145454546,2978897.5454545454,3594.909090909091,1438189394.909091,449934279.3636364,6075770055.545455,8358483374.272727,1626038599.4545455,4427757567.363636,3596339045.909091,6732444775.0,7059016211.909091,875930051.8181819,3562494907.3636365,2880589011.818182,10597839321.90909,829209499.5454545,1437424507.090909,10729525702.545454,11789111465.181818,208.9977157594208,2014.0,5.233333333333333,8.944444444444445,9.433333333333334,9.022222222222222,8.488888888888887,8.866666666666667,9.377777777777778,7.199999999999999,5.777777777777778,8.38888888888889,7.155555555555556,7.544444444444445
0.8241853313636363,0.8241853313636363,632244.5454545454,7418.272727272727,344695958.90909094,233358922.27272728,1857495279.6363637,4541645527.727273,918878310.5454545,1169731334.3636363,1086800087.3636363,3622767217.181818,2938826962.2727275,188744384.36363637,488066342.8181818,1500792078.8181818,3816089287.818182,384771465.27272725,864404520.0,4689615784.727273,4630091466.181818,295.8979525795494,2014.0,5.311111111111111,9.366666666666667,10.0,7.877777777777778,7.888888888888889,8.233333333333333,9.555555555555555,6.444444444444445,5.4,8.366666666666667,8.100000000000001,7.411111111111111
9.064651100454546,9.064651100454546,34637217.36363637,3249.3636363636365,12903248172.09091,6449914528.363636,35967931590.36364,89742261052.18182,21158012094.363636,36357958681.72727,32230416819.363636,68584248957.545456,47701923247.27273,17010143437.545454,22857713884.636364,38555417117.27273,103399594388.18182,7311787139.0,15455369907.09091,112658052655.45454,114311605506.36363,164.01772370321441,2014.0,3.9555555555555557,7.811111111111111,8.68888888888889,5.0,5.922222222222222,7.866666666666666,2.2333333333333334,6.511111111111111,5.266666666666667,7.2333333333333325,6.555555555555555,7.022222222222222
46.529095705454544,46.529095705454544,26964462.0,543.4545454545455,3612336021.909091,246285958.9090909,4739232667.181818,13436830305.818182,3356871473.2727275,6691282337.272727,4770196283.363636,10079958832.272728,10137638961.272728,1264734662.0,2635984020.6363635,3383064129.909091,13145360347.636364,1464661864.5454545,1803028351.6363637,14522711726.636364,14729706349.181818,53.2060580512881,2014.0,4.022222222222222,8.088888888888889,6.844444444444445,8.533333333333335,6.944444444444445,8.566666666666668,7.777777777777778,5.444444444444445,4.266666666666667,6.5888888888888895,6.155555555555555,5.655555555555555
0.3845,0.3845,4029939.4545454546,19693.0,1308257047.5454545,7880231248.818182,44710665426.90909,45824919244.90909,17603328438.18182,25389845710.0,25517183716.18182,28221590806.909092,33861104774.636364,7395279731.181818,39136416146.90909,23670478890.636364,85942960299.54546,5508921649.727273,8438655315.090909,78145614012.90909,82064325662.18182,1982.6370349830001,2014.0,5.944444444444445,7.922222222222222,5.766666666666667,6.077777777777778,2.088888888888889,6.0,0.0,4.511111111111111,5.322222222222222,8.155555555555557,8.266666666666667,7.655555555555556
11.66813823809091,11.66813823809091,2287145.8181818184,5194.818181818182,944123784.4545455,393013397.09090906,4634969080.363636,11365180423.90909,3151664916.0,2755086622.5454545,2821379705.7272725,8213515508.090909,6661956747.727273,1428783627.909091,2925832022.181818,4898067950.181818,11256381975.0,565589553.3636364,1529755267.5454545,11846905493.545454,12093301285.09091,311.12648266619385,2014.0,5.666666666666667,6.777777777777778,9.444444444444445,8.988888888888889,8.911111111111111,8.566666666666666,7.2333333333333325,6.2555555555555555,6.244444444444444,6.511111111111111,6.0,7.877777777777778
98.10632868636363,98.10632868636363,27904099.363636363,916.3636363636364,6500339861.545455,1503381473.4545455,2119657797.7272727,23021964140.0,2109032089.5454545,8383021299.454545,7249555109.909091,20912932050.272728,8979752881.272728,1314394012.5454545,1837386547.7272727,7045084398.090909,22741997723.81818,1912081649.0,3943723794.0,25682668564.454544,25428949985.0,162.54943166782232,2014.0,4.511111111111111,9.277777777777779,7.944444444444445,7.7666666666666675,8.555555555555555,7.055555555555555,9.266666666666667,7.622222222222222,5.155555555555555,6.5,6.366666666666666,6.966666666666667
1.3723517714545455,1.3723517714545455,4633304.181818182,39533.0,10901355708.181818,11450664012.181818,52584996645.545456,146000000000.0,36037131929.0,42959364744.181816,42128113840.63636,109986921817.90909,51065988063.0,19845173413.727272,27892566018.545456,89481383132.0,174363636363.63635,13372880517.545454,21411281296.81818,183545454545.45456,190363636363.63635,2535.5009728536047,2014.0,7.877777777777778,9.9,10.0,9.444444444444445,9.61111111111111,9.81111111111111,9.555555555555555,6.388888888888889,8.244444444444445,9.577777777777778,8.88888888888889,9.077777777777776
27.541352343636365,27.541352343636365,6301578.7272727275,1787.3636363636363,1905789727.6363637,569800193.2727273,5066527337.181818,10303035259.545454,1692471477.2727273,3234881098.7272725,2917425063.909091,8610563782.181818,6789364444.818182,1664235860.090909,2365902078.2727275,3504536301.818182,10680065225.636364,588596447.5454545,1745440476.7272727,11293409490.09091,11815079514.545454,70.67005919523477,2014.0,3.7666666666666666,7.955555555555555,8.68888888888889,7.922222222222222,4.855555555555556,7.800000000000001,8.533333333333333,7.466666666666667,4.466666666666667,8.822222222222223,8.122222222222222,7.144444444444444
227.36921160909094,227.36921160909094,184252346.54545453,2297.909090909091,96519929023.36363,18326210492.090908,79680440515.36363,356272727272.7273,30831038924.18182,81240277915.81818,77975501487.45454,326636363636.36365,67173280904.545456,41264306005.181816,92824423000.90909,101707482577.54546,442818181818.1818,53971261363.818184,79654826653.36363,420454545454.5455,447090909090.9091,394.12907700582144,2014.0,3.9444444444444446,5.066666666666666,5.555555555555555,7.422222222222222,7.522222222222222,8.88888888888889,2.5,8.11111111111111,3.6555555555555554,7.888888888888889,6.033333333333333,7.455555555555555
7.338842872181818,7.338842872181818,5165975.0,87204.27272727272,6991885908.363636,23914124168.81818,166727272727.27274,284454545454.5455,99307653081.45454,121090909090.90909,104356944058.09091,185181818181.81818,134545454545.45454,28885328096.636364,118669409682.0,168727272727.27274,389818181818.1818,36027030519.0,35391147436.818184,449000000000.0,437727272727.2727,2740.148589206875,2014.0,8.644444444444444,9.777777777777779,10.0,9.155555555555557,9.38888888888889,9.911111111111111,9.822222222222223,5.4,8.355555555555556,9.144444444444444,7.722222222222222,7.644444444444444
110.39579432545453,110.39579432545453,210904325.45454547,1345.7272727272727,61402618229.0,7083976545.454545,28487393028.0,251909090909.0909,28867216690.454544,42609970020.90909,38149837729.181816,223090909090.9091,49993198836.818184,33270392130.363636,45368242625.818184,62120952471.72727,257363636363.63635,30172374595.272728,51272669509.63636,285181818181.8182,273181818181.81818,160.6933263320976,2014.0,3.3777777777777778,5.944444444444445,4.2555555555555555,5.2555555555555555,6.911111111111111,7.966666666666667,2.677777777777778,7.777777777777778,3.6555555555555554,6.288888888888889,5.733333333333333,6.300000000000001
1.0,1.0,3959016.6363636362,11719.818181818182,1372488317.7272727,8225949066.363636,26215692311.272728,32848541297.363636,5974592121.545455,20237841657.090908,18441809283.545456,26873949169.545456,28377456217.090908,3154314084.2727275,5187143450.727273,16178730602.727272,48998363841.90909,6237078575.909091,11796973828.09091,46822898670.09091,50924610216.545456,744.5765454545455,2014.0,4.611111111111111,8.177777777777777,10.0,7.955555555555555,8.988888888888889,9.022222222222222,9.555555555555555,7.7444444444444445,5.488888888888889,9.266666666666667,8.722222222222221,7.111111111111111
5215.722381181818,5215.722381181818,6184024.090909091,5629.0,3997533310.2727275,2191869239.7272725,13492856871.90909,27174385383.545456,4102989426.181818,7919722295.818182,7114396488.818182,23071395957.636364,12400660753.818182,6813682525.545455,10123501000.636364,9923178082.363636,33555074333.909092,2552639815.2727275,4766352886.090909,34843375855.27273,36186303781.454544,170.42752858071043,2014.0,4.122222222222223,7.800000000000001,9.255555555555555,8.955555555555556,8.355555555555556,8.511111111111111,8.155555555555557,8.566666666666666,4.266666666666667,9.155555555555557,7.133333333333334,6.433333333333334
3.063323031363636,3.063323031363636,30966666.454545453,6020.363636363636,13618144320.727272,13063025370.363636,48515143502.63636,149818181818.18182,24711335037.18182,44504179023.454544,44199279924.09091,125006809835.45454,46423042727.27273,27122134233.636364,50569375471.36364,57869667393.09091,179909090909.0909,16063319622.454546,28734016711.090908,186909090909.0909,196454545454.54544,490.3260312315931,2014.0,4.811111111111111,8.455555555555556,10.0,7.922222222222222,8.288888888888888,9.177777777777777,8.322222222222223,7.7555555555555555,5.288888888888889,9.5,8.644444444444444,7.566666666666666
46.815751559090906,46.815751559090906,103256180.63636364,3221.181818181818,33736279797.545456,19578153315.81818,84810609149.54546,254090909090.9091,34896643199.09091,67979274973.27273,69655569594.72728,219181818181.81818,104512196718.0,59911837341.27273,72663381128.54546,97052682918.72728,302181818181.8182,20762712836.81818,58511122730.545456,334454545454.5455,302181818181.8182,209.1810841402385,2014.0,3.7777777777777777,7.122222222222222,7.7666666666666675,7.966666666666667,7.933333333333333,8.666666666666666,6.655555555555555,8.5,4.644444444444444,9.38888888888889,6.833333333333333,7.422222222222222
3.4902088890000003,3.4902088890000003,38554072.18181818,13161.181818181818,14320739377.545454,36015175912.181816,254727272727.27274,411090909090.9091,96266989386.63637,108580358358.36363,101402287641.72728,314818181818.1818,246545454545.45456,87315397032.09091,117272727272.72728,161636363636.36365,467363636363.63635,48562647490.27273,89838662547.36363,507181818181.8182,527818181818.1818,551.3346171112364,2014.0,6.933333333333334,9.81111111111111,10.0,8.100000000000001,8.933333333333334,9.3,9.555555555555555,5.555555555555555,6.2444444444444445,9.444444444444445,7.655555555555556,7.566666666666666
0.8241853313636363,0.8241853313636363,10402898.909090908,21300.81818181818,4616342637.363636,9085510403.272728,88352571009.81818,189454545454.54544,41550943998.63636,39354715630.72727,38865811337.90909,148000000000.0,90490457020.18182,26871192064.272728,34524558135.36364,94872035424.63637,197727272727.27274,16482298523.90909,37996750212.454544,221454545454.54544,226545454545.45456,557.2537479419651,2014.0,6.855555555555556,9.866666666666667,10.0,9.411111111111111,9.344444444444443,9.766666666666666,9.555555555555555,5.866666666666666,6.933333333333334,9.622222222222222,8.5,6.944444444444445
3.64,3.64,2339013.3636363638,71311.45454545454,286529191.54545456,15716205875.545454,103986188811.09091,60586071465.09091,27689629646.0,61982620777.181816,61982620777.181816,32896441819.363636,57067795537.72727,15401579258.09091,91915112421.0,45704231093.181816,174727272727.27274,7781783344.090909,13313624860.636364,162727272727.27274,169363636363.63635,3658.9411177117972,2014.0,6.477777777777778,8.044444444444444,3.3333333333333335,5.011111111111111,2.7,7.166666666666667,0.0,5.766666666666667,5.512222222222222,8.344444444444443,7.977777777777778,7.711111111111112
3.719334091,3.719334091,19884616.363636363,10088.272727272728,9690993462.454546,13232074905.0,80078041274.81818,159909090909.0909,31778477207.909092,51256078558.27273,49348488303.36364,128000000000.0,86566224210.90909,41182316261.72727,51162623780.0,66318664531.72727,182818181818.18182,22831020013.909092,19691183021.81818,200363636363.63635,204545454545.45456,331.6144057607395,2014.0,6.277777777777778,9.78888888888889,10.0,8.466666666666667,8.422222222222222,9.422222222222222,9.377777777777778,7.122222222222222,6.044444444444444,9.377777777777778,8.555555555555555,7.588888888888889
49.69568395090909,49.69568395090909,144610948.1818182,11720.09090909091,59207498832.72727,112070341472.36363,478909090909.0909,1225181818181.818,317727272727.2727,405909090909.0909,376000000000.0,906909090909.091,358909090909.0909,213363636363.63635,406909090909.0909,570181818181.8182,1539090909090.9092,119851938536.90909,271727272727.27274,1693636363636.3635,1745454545454.5454,216.0601924987827,2014.0,4.1,7.544444444444445,5.188888888888889,5.233333333333333,4.277777777777778,7.566666666666666,9.555555555555555,6.199999999999999,4.877777777777777,8.788888888888888,6.533333333333333,6.566666666666666
742.7008771909091,742.7008771909091,11683044.818181818,705.4545454545455,2109529024.3636363,583548623.4545455,1388768618.5454545,7827637958.454545,1218895763.1818182,1991332577.3636363,2014470286.909091,6608742195.272727,2720218736.181818,651934419.4545455,919591787.0909091,2638189591.4545455,7758949269.545455,584770114.4545455,923320128.3636364,8282061686.090909,8487514729.636364,96.02751791423557,2014.0,5.144444444444444,7.955555555555555,7.422222222222222,7.022222222222222,3.466666666666667,7.011111111111111,9.177777777777777,5.666666666666667,6.155555555555555,9.2,7.0,8.11111111111111
3.75,3.75,32835847.363636363,21808.363636363636,16513049319.545454,37421488327.545456,293090909090.9091,421545454545.4545,170090909090.9091,201727272727.27274,168909090909.0909,251545454545.45456,211818181818.18182,80864058954.36363,329636363636.36365,209636363636.36365,699000000000.0,38901061480.454544,66799726332.63636,715909090909.091,704545454545.4546,821.7911345209534,2014.0,5.466666666666667,7.522222222222222,0.0,4.022222222222222,1.2888888888888888,5.777777777777778,0.0,4.444444444444445,4.661111111111111,8.3,6.7444444444444445,7.022222222222222
95.36689469636363,95.36689469636363,7513381.363636363,5908.545454545455,3080197825.5454545,1899256283.4545455,20169111689.18182,41360530509.90909,8102699064.0,9239474417.272728,8628556604.09091,33257831445.909092,24417527171.363636,6875399438.818182,10091952970.09091,14039501898.818182,38721358633.27273,3807504305.0,5802945350.454545,44362975541.454544,46350992972.545456,339.5769979014495,2014.0,4.588888888888889,9.077777777777778,9.266666666666667,7.833333333333333,7.588888888888889,9.155555555555557,9.377777777777778,6.699999999999999,5.311111111111112,7.98888888888889,7.355555555555556,6.911111111111111
1.3290316768181818,1.3290316768181818,5599249.545454546,52625.818181818184,104742366.18181819,12847933463.181818,585545454545.4546,146636363636.36365,32119949334.81818,84732963981.90909,80011035123.36363,114467364991.45454,500181818181.8182,60655797009.90909,64798709877.0,127621333336.27272,300909090909.0909,33490814352.81818,62062687877.818184,295090909090.9091,318545454545.4545,3053.586575251518,2014.0,7.98888888888889,9.31111111111111,7.6000000000000005,5.944444444444445,5.055555555555555,6.944444444444445,7.411111111111111,7.544444444444445,7.611111111111111,9.411111111111111,9.344444444444443,8.988888888888889
0.8241853313636363,0.8241853313636363,5426828.090909091,17723.272727272728,1994872729.1818182,6888413691.909091,88285589842.45454,73177940274.27272,18498663089.090908,22406921070.0,20805821530.0,54679277185.09091,85784274935.72728,18193904738.090908,22238889255.363636,35493102031.818184,88308815447.45454,9564257192.363636,12129280546.90909,96082767415.09091,98073535521.27272,533.3259064762866,2014.0,6.066666666666666,9.666666666666666,10.0,8.38888888888889,9.0,9.444444444444445,9.555555555555555,6.566666666666666,6.166666666666667,9.600000000000001,8.177777777777777,7.722222222222222
21535.945303636367,21535.945303636367,92114127.63636364,2557.5454545454545,34327694558.727272,13881929975.727272,186249770911.0,167272727272.72726,25109396435.18182,79282059719.18182,74858321916.54546,142227804138.27274,179366273991.0909,53905692300.63636,74283704999.45454,52613917281.545456,225545454545.45456,21512988452.363636,28995424017.909092,237181818181.81818,248272727272.72726,288.56269853130925,2014.0,5.122222222222223,9.0,3.688888888888889,5.2555555555555555,1.8111111111111111,6.199999999999999,9.600000000000001,6.199999999999999,4.833333333333333,6.255555555555556,6.2,6.711111111111111
0.8241853313636363,0.8241853313636363,2085920.4545454546,23297.636363636364,1000719252.0,2451171994.090909,37868813305.0,36313917857.454544,9578558300.272728,9961160468.727272,9485121824.0,26735359557.363636,34760024865.63636,9676938686.181818,11347544686.454546,17696596008.272728,42964491760.63636,4365295551.545455,6103164268.090909,48610688788.27273,49383866751.181816,906.8998328457931,2014.0,6.733333333333333,9.733333333333333,10.0,8.433333333333334,9.466666666666667,9.622222222222222,9.555555555555555,5.2444444444444445,6.355555555555556,9.533333333333333,7.977777777777778,7.055555555555555
11.659163741727271,11.659163741727271,55376822.72727273,6877.272727272727,8445807668.454545,12610261707.363636,107119266757.45454,320454545454.5455,74257079839.54546,67212473036.36364,66274664913.36364,246272727272.72726,106340209008.45454,48865783992.27273,81164569103.0,170454545454.54544,351818181818.1818,30179223010.454544,48697775910.454544,379090909090.9091,388454545454.5455,1152.5516406425427,2014.0,5.466666666666667,5.966666666666667,9.444444444444445,8.577777777777778,9.044444444444444,9.31111111111111,9.377777777777778,5.933333333333334,6.011111111111111,8.155555555555555,6.588888888888889,7.344444444444444
1.0,1.0,14179751.090909092,1251.3636363636363,1594918711.6363637,411157463.90909094,4759850648.545455,18978823967.727272,2849322072.181818,2419897444.181818,2140660740.909091,16129501895.454546,6858394773.363636,2492993577.6363635,4752126594.090909,5085694765.363636,17644549288.81818,1928823821.6363637,3871827932.4545455,17907446590.272728,19300177287.0,248.63636363636363,2014.0,3.466666666666667,7.711111111111112,4.277777777777778,7.222222222222222,5.466666666666667,7.5,6.211111111111111,5.988888888888889,3.7777777777777777,5.966666666666667,5.355555555555556,5.433333333333334
0.8241853313636363,0.8241853313636363,46718376.81818182,28649.636363636364,35107233860.09091,78639521830.63637,435363636363.63635,1048454545454.5454,266090909090.9091,263363636363.63635,259818181818.18182,783272727272.7273,404000000000.0,150818181818.18182,198636363636.36365,584727272727.2727,1227272727272.7273,102015478505.27272,226363636363.63635,1338181818181.818,1343636363636.3635,838.2981321291868,2014.0,7.066666666666666,9.411111111111111,10.0,8.511111111111111,9.211111111111112,9.422222222222222,9.555555555555555,6.2555555555555555,6.911111111111111,9.622222222222222,8.222222222222221,7.466666666666667
16.732805867636362,14.781062145818181,38564828.27272727,1694.7272727272727,19076640501.636364,2410988069.181818,5027640933.909091,61388348442.545456,4412052150.090909,10234919109.363636,9421716919.727272,57007240444.454544,9331288917.363636,5382818975.363636,10315858608.818182,16795452032.636364,67241082567.0,6794237670.909091,11854510295.09091,64441229307.36364,67339277353.454544,63.876847690507084,2014.0,3.3000000000000003,4.733333333333333,3.2999999999999994,2.966666666666667,4.222222222222222,6.333333333333333,0.0,7.155555555555556,2.8555555555555556,4.133333333333334,2.6666666666666665,4.933333333333334
5.206948308181818,5.206948308181818,575957.6363636364,7286.454545454545,440129837.0,299943082.6363636,2106068677.3636363,2725209898.0,583337969.0909091,1814438726.6363637,1814438726.6363637,2141871928.8181818,2198308442.6363635,895223765.3636364,1271189555.1818182,972798958.3636364,4299135983.545455,343484438.09090906,971590112.5454545,4179507259.6363635,4461873802.909091,58.51355878406128,2014.0,5.066666666666666,8.488888888888889,10.0,8.155555555555557,9.0,9.133333333333333,10.0,5.577777777777778,4.694444444444445,8.3,6.455555555555556,7.088888888888889
7.887064532818181,7.887064532818181,9860144.454545455,56438.27272727273,8009703609.363636,30110058411.545456,241818181818.18182,391363636363.63635,140818181818.18182,131727272727.27272,129636363636.36363,250727272727.27274,220454545454.54544,73043975067.27272,91481815736.09091,231090909090.9091,482909090909.0909,62417323932.818184,59702770787.181816,555818181818.1818,544454545454.5455,2125.912887366544,2014.0,8.477777777777778,9.844444444444445,10.0,8.88888888888889,9.733333333333333,9.88888888888889,9.155555555555557,4.800000000000001,7.822222222222223,9.577777777777778,8.344444444444443,8.244444444444445
0.9595200521818181,0.9595200521818181,8258205.909090909,84609.09090909091,4612182429.909091,34337057073.909092,463545454545.4545,449181818181.8182,80022222828.90909,181000000000.0,180636363636.36365,369000000000.0,385727272727.2727,127636363636.36363,141363636363.63635,327818181818.1818,686090909090.909,56448370691.90909,121636363636.36363,698272727272.7273,707818181818.1818,4256.449293227794,2014.0,8.122222222222224,9.68888888888889,10.0,7.966666666666667,9.7,9.844444444444445,9.555555555555555,7.777777777777778,8.222222222222221,9.666666666666666,7.644444444444444,8.655555555555557
32.236522344545456,32.236522344545456,70126433.45454545,5892.090909090909,41049888369.72727,11447735498.272728,280727272727.2727,293636363636.36365,71669409056.72728,106111600618.0,104282046959.54546,221909090909.0909,250000000000.0,118090909090.90909,143727272727.27274,118636378689.63637,432545454545.4545,34259963929.727272,83339498298.18182,413818181818.1818,432545454545.4545,389.0673808816514,2014.0,4.677777777777778,8.38888888888889,7.955555555555555,6.522222222222222,4.388888888888889,7.7333333333333325,5.722222222222222,7.055555555555555,4.722222222222222,7.722222222222222,6.644444444444444,6.955555555555556
6.560733269727273,6.560733269727273,1463909.8181818181,16591.0,215682539.36363637,1376644022.0,13718840230.272728,17175557512.272728,3359950159.909091,4463345053.454545,4463345053.454545,13815607352.272728,10017375087.09091,4279419101.090909,9289783372.818182,5984803189.454545,24933751336.636364,1420952275.090909,6645885937.636364,24256920367.0,25340367708.545456,500.5370090143109,2014.0,4.933333333333334,6.022222222222222,9.444444444444445,9.077777777777778,8.633333333333333,9.355555555555554,5.277777777777778,6.7444444444444445,5.199999999999999,8.5,8.088888888888889,7.1
3.6725,3.6725,8902574.181818182,41990.90909090909,2717793156.181818,33777378163.363636,361545454545.4545,182090909090.9091,43791003472.181816,87978678423.63637,76231069339.90909,138272727272.72726,258636363636.36365,31735414330.090908,147909090909.0909,104900946216.27272,373272727272.7273,31809157828.0,52028951477.0,374181818181.8182,373272727272.7273,1724.9778454709497,2014.0,6.5,8.044444444444444,3.1555555555555554,5.766666666666667,1.4555555555555555,6.699999999999999,0.0,5.911111111111111,5.411111111111111,8.722222222222221,8.366666666666667,8.055555555555555
2.058740909,2.058740909,11548197.545454545,3718.7272727272725,4070668953.818182,2195341264.7272725,19687663107.454544,39317052892.545456,8204633979.909091,9919097553.09091,9407127865.545454,31112418912.454544,24034944765.909092,6796276334.090909,9742042305.0,14942276583.363636,41956909589.818184,4425148281.363636,6581432201.363636,42863864707.181816,44888846315.72727,303.9877566950611,2014.0,4.855555555555556,7.51111111111111,6.466666666666667,5.7444444444444445,7.566666666666666,8.0,2.2333333333333334,5.833333333333333,5.288888888888889,6.866666666666666,6.555555555555555,6.800000000000001
3.2695623243636365,3.2695623243636365,79137876.54545455,10485.636363636364,57986570577.0,61416943591.545456,215636363636.36365,623818181818.1818,121000000000.0,239727272727.27274,235727272727.27274,502727272727.2727,241454545454.54544,142818181818.18182,170363636363.63635,244181818181.81818,744090909090.909,89153019444.18182,120818181818.18182,826727272727.2727,840454545454.5454,296.1394072807109,2014.0,4.300000000000001,8.344444444444443,8.899999999999999,4.855555555555556,6.1,6.077777777777778,9.377777777777778,7.211111111111112,4.877777777777777,8.911111111111111,7.133333333333334,6.388888888888889
3073.8984179999998,3073.8984179999998,37885699.63636363,834.4545454545455,7971122966.636364,1691351004.0,4356489811.727273,25899310424.090908,2493549040.4545455,7988053737.0,7807643234.181818,23405761384.0,7381447804.909091,5412893252.272727,6897141847.090909,8533155042.818182,30662992327.727272,1591079352.0,3979142115.0,31534971253.727272,32152874595.363636,51.821679269897885,2014.0,3.566666666666667,6.911111111111111,6.655555555555556,7.311111111111111,5.988888888888889,8.444444444444445,2.844444444444444,7.977777777777778,4.7555555555555555,8.68888888888889,7.666666666666667,7.966666666666667
17.979103202999998,17.979103202999998,44918332.54545455,3132.4545454545455,12898768502.727272,3605993074.909091,64007850136.818184,122898285016.09091,26413575679.81818,24849455811.545456,22832741024.18182,96547255734.54546,72811103798.45454,16302207570.818182,28820247210.545456,39392522514.454544,119922883701.18182,14632350370.454546,20553544707.81818,140832493885.27274,139126076158.0909,125.26573039175236,2014.0,4.577777777777778,8.033333333333333,8.333333333333334,7.144444444444444,6.933333333333334,7.98888888888889,9.555555555555555,6.811111111111111,4.666666666666667,5.477777777777778,6.322222222222222,6.411111111111111
50.779257348181815,50.779257348181815,2106071.5454545454,5071.363636363636,1006247336.0909091,674811310.0909091,5675837866.090909,9462639020.818182,1814846455.0,3328913119.090909,2512850119.181818,7647792565.727273,7437715616.727273,1307756047.2727273,1856647448.0,3628339044.6363635,9592631044.727272,777004376.0909091,1649581529.8181818,10682916067.727272,11024996170.0,367.85210776387873,2014.0,5.088888888888889,9.011111111111111,7.966666666666667,7.222222222222222,7.2555555555555555,8.211111111111112,9.555555555555555,6.9,4.699999999999999,8.177777777777777,7.688888888888889,8.222222222222221
10.668636389727272,10.668636389727272,97525894.72727273,2760.5454545454545,32091495369.454544,14094767176.09091,43620114019.454544,253454545454.54544,28206602740.0,42867838623.36364,41159368157.90909,225363636363.63635,65856408802.09091,44873075587.454544,84658935500.18182,74556982391.72728,271636363636.36365,23897668591.272728,42277983691.90909,269363636363.63635,274272727272.72726,152.59578921209362,2014.0,3.711111111111111,5.5,3.3444444444444446,4.877777777777777,3.688888888888889,7.466666666666667,0.0,5.333333333333333,3.755555555555555,8.044444444444444,5.955555555555556,4.833333333333333
0.6942696583636363,0.6942696583636363,65104220.54545455,42032.818181818184,17390601510.363636,145272727272.72726,823636363636.3636,2330909090909.091,554454545454.5454,478454545454.5455,471909090909.0909,1775454545454.5454,862454545454.5454,253090909090.9091,352636363636.36365,1383636363636.3635,2476363636363.636,253272727272.72726,325545454545.4545,2736363636363.636,2770909090909.091,1282.9387448997556,2014.0,7.622222222222222,9.733333333333334,10.0,7.844444444444444,9.322222222222223,9.7,9.555555555555555,6.411111111111111,7.688888888888889,9.677777777777777,8.633333333333333,8.088888888888889
1914.7553923636362,1914.7553923636362,51486026.0,919.5454545454545,13033505580.181818,5790552847.454545,8303481812.454545,34842359533.454544,4385619659.272727,17807212310.272728,18082294957.909092,30456739874.272728,10929133945.363636,4126177228.7272725,6977946605.727273,9523206902.272728,44856323129.72727,4243083181.181818,5288028012.545455,47844842081.90909,48623278360.09091,103.1116168836813,2014.0,4.377777777777777,6.888888888888889,8.3,6.977777777777778,6.822222222222222,8.044444444444444,5.544444444444444,7.2444444444444445,5.344444444444445,7.855555555555556,6.155555555555555,7.088888888888889
1.0,1.0,324284620.0,57248.454545454544,175727272727.27274,702090909090.909,2271818181818.1816,15063636363636.363,2696363636363.636,3744545454545.4546,3687272727272.727,12345454545454.545,2818181818181.8184,2093636363636.3635,2757272727272.727,10130909090909.092,18245454545454.547,1829090909090.9092,2656363636363.636,18618181818181.816,18245454545454.547,1323.217130142348,2014.0,6.777777777777778,9.266666666666667,9.622222222222222,8.68888888888889,9.822222222222223,9.71111111111111,9.555555555555555,7.3999999999999995,7.355555555555556,9.577777777777778,7.877777777777778,8.755555555555555
27.051998484545457,27.051998484545457,3398325.8181818184,15851.454545454546,4010535569.2727275,3191455320.4545455,15110948855.272728,44355709309.818184,8631506284.90909,10465150985.09091,10097412793.454546,35724203025.09091,13636553257.09091,6247218709.727273,7779333570.363636,23112817270.454544,50123600479.454544,4570526604.363636,7458932144.727273,53902531311.90909,56356322474.27273,391.24968836270455,2014.0,6.577777777777778,8.555555555555555,10.0,9.100000000000001,9.5,9.68888888888889,10.0,6.844444444444445,5.666666666666667,9.088888888888889,8.133333333333333,6.9
0.005379864778409091,0.027072725044554546,29675935.272727273,9244.09090909091,14799469161.454546,17372397676.454544,91530408682.36363,233663494037.36365,31099727829.81818,52459936125.36364,54468552204.72727,202743150446.54544,91119924758.54546,38246735811.63636,111034078861.45454,58930840721.36364,272363636363.63635,15839300661.0,54356122184.72727,274840150925.54544,287909090909.0909,254.37766073644426,2014.0,2.3444444444444446,6.244444444444444,9.077777777777778,7.111111111111111,6.133333333333334,6.788888888888889,7.977777777777778,4.633333333333334,2.9555555555555553,1.9222222222222223,3.4333333333333336,3.2333333333333334
